{
  "index": "001",
  "count": 7,
  "verses": {
    "1": {
      "ar": "بِسْمِ اللَّهِ الرَّحْمَٰنِ الرَّحِيمِ",
      "id": "Dengan nama Allah Yang Maha Pengasih, Maha Penyayang."
    },
    "2": {
      "ar": "الْحَمْدُ لِلَّهِ رَبِّ الْعَالَمِينَ",
      "id": "Segala puji bagi Allah, Tuhan semesta alam."
    },
    "3": {
      "ar": "الرَّحْمَٰنِ الرَّحِيمِ",
      "id": "Yang Maha Pengasih, Maha Penyayang."
    },
    "4": {
      "ar": "مَالِكِ يَوْمِ الدِّينِ",
      "id": "Pemilik hari pembalasan."
    },
    "5": {
      "ar": "إِيَّاكَ نَعْبُدُ وَإِيَّاكَ نَسْتَعِينُ",
      "id": "Hanya kepada-Mu kami menyembah dan hanya kepada-Mu kami mohon pertolongan."
    },
    "6": {
      "ar": "اهْدِنَا الصِّرَاطَ الْمُسْتَقِيمَ",
      "id": "Tunjukilah kami jalan yang lurus,"
    },
    "7": {
      "ar": "صِرَاطَ الَّذِينَ أَنْعَمْتَ عَلَيْهِمْ غَيْرِ الْمَغْضُوبِ عَلَيْهِمْ وَلَا الضَّالِّينَ",
      "id": "yaitu jalan orang-orang yang Engkau beri nikmat, bukan jalan mereka yang dimurkai, dan bukan pula jalan mereka yang sesat."
    }
  }
}